date,open,high,low,close,volume
2024-05-09,34.94,35.75,34.66,35.58,16930090.0
2024-05-10,35.8,35.995,34.26,34.58,28986035.0
2024-05-13,35.78,36.19,35.65,36.0,17204940.0
2024-05-14,35.34,35.495,34.8,35.07,13742748.0
2024-05-15,36.67,37.93,36.46,37.67,40518600.0
2024-05-16,37.635,37.91,36.8211,37.15,22092079.0
2024-05-17,37.84,38.54,37.54,38.28,25516871.0
2024-05-20,38.21,40.0499,38.07,39.97,32788580.0
2024-05-21,40.465,40.67,39.405,39.47,29875156.0
2024-05-22,39.77,40.33,39.445,39.71,20566823.0
2024-05-23,39.51,39.575,38.01,38.27,23933848.0
2024-05-24,38.43,39.59,38.16,39.46,19910862.0
2024-05-28,38.98,39.1,38.305,38.98,19703173.0
2024-05-29,38.66,38.74,38.24,38.32,14675489.0
2024-05-30,38.875,39.69,38.7852,39.16,26021376.0
2024-05-31,39.17,39.23,37.92,38.55,23144669.0
2024-06-03,39.78,40.12,39.09,39.44,27654000.0
2024-06-04,39.59,40.59,39.47,40.17,40569466.0
2024-06-05,40.58,41.0,40.111,40.67,30997617.0
2024-06-06,40.58,40.89,40.14,40.16,20192978.0
2024-06-07,40.69,40.89,38.89,39.42,35710320.0
2024-06-10,39.465,40.02,39.4,39.59,15895680.0
2024-06-11,38.29,38.535,37.62,38.43,29402910.0
2024-06-12,39.49,39.96,38.3,38.45,27518624.0
2024-06-13,38.78,38.935,37.68,37.9,24858536.0
2024-06-14,38.36,38.3899,37.025,37.3,22309008.0
2024-06-17,37.385,38.34,37.0201,37.98,17785637.0
2024-06-18,36.949,37.23,36.4399,36.64,25778215.0
2024-06-20,37.22,37.31,36.73,37.04,15271087.0
2024-06-21,36.21,36.675,36.06,36.58,21001034.0
2024-06-24,34.87,35.14,33.58,33.765,46597005.0
2024-06-25,34.885,35.565,34.73,35.3,31346229.0
2024-06-26,35.03,35.33,34.5601,34.71,13026589.0
2024-06-27,35.08,35.56,34.935,34.98,14788756.0
2024-06-28,35.03,35.225,34.1,34.14,18223147.0
2024-07-01,35.82,36.405,35.5802,36.0,18509918.0
2024-07-02,35.82,35.975,35.15,35.22,13772242.0
2024-07-03,34.35,34.6,34.11,34.44,12793340.0
2024-07-05,31.675,32.5378,31.57,32.2,47018318.0
2024-07-08,32.6,32.72,31.34,32.16,28999053.0
2024-07-09,32.62,33.235,32.441,32.96,18029700.0
2024-07-10,33.06,33.09,32.67,32.67,17248800.0
2024-07-11,33.52,33.64,32.57,32.7,21952222.0
2024-07-12,32.8,33.4099,32.772,32.85,16920991.0
2024-07-15,35.79,36.47,35.61,36.15,34245891.0
2024-07-16,36.425,37.22,35.97,37.17,27810528.0
2024-07-17,36.87,37.3,36.39,36.84,32704074.0
2024-07-18,36.995,37.07,36.03,36.22,22725779.0
2024-07-19,36.56,38.53,36.5,38.4,46756055.0
2024-07-22,38.56,38.96,37.95,38.93,24116204.0
2024-07-23,37.95,38.4,37.2727,37.34,35482190.0
2024-07-24,37.99,38.28,37.36,37.42,23403029.0
2024-07-25,36.62,37.15,36.09,36.83,21928801.0
2024-07-26,38.46,38.89,38.13,38.79,28993204.0
2024-07-29,39.73,39.745,37.83,38.34,38158742.0
2024-07-30,37.98,38.14,37.32,37.55,19556049.0
2024-07-31,37.87,38.09,36.995,37.18,20532966.0
2024-08-01,36.8,36.98,35.43,36.07,37068050.0
2024-08-02,36.93,37.32,35.49,35.61,35706119.0
2024-08-05,28.35,31.66,28.23,30.48,97633006.0
2024-08-06,31.43,32.535,31.0,32.34,39663758.0
2024-08-07,32.65,32.79,31.12,31.19,24351454.0
2024-08-08,32.91,34.14,32.3,33.88,32889358.0
2024-08-09,34.41,34.835,33.93,34.6,18872717.0
2024-08-12,33.93,34.6,32.945,33.64,20819164.0
2024-08-13,33.57,35.125,33.54,34.64,20186031.0
2024-08-14,34.635,34.74,33.43,33.56,19032543.0
2024-08-15,33.72,34.12,32.29,32.5,29136123.0
2024-08-16,33.36,34.1355,32.85,34.03,22686484.0
2024-08-19,33.47,33.795,33.1,33.62,13480151.0
2024-08-20,34.52,34.7697,33.35,33.92,21676586.0
2024-08-21,33.88,35.145,33.53,35.13,22993901.0
2024-08-22,34.66,34.735,34.24,34.35,15825085.0
2024-08-23,34.805,36.44,34.64,36.28,51673290.0
2024-08-26,36.34,36.415,35.92,36.09,19479653.0
2024-08-27,35.56,35.5872,34.99,35.38,19488634.0
2024-08-28,34.1,34.2,32.93,33.52,36007387.0
2024-08-29,34.3,34.825,33.52,33.69,22692502.0
2024-08-30,33.9,34.07,32.84,33.37,22832260.0
2024-09-03,33.64,33.65,32.7,32.98,23729710.0
2024-09-04,32.1,33.3083,31.92,33.04,19751856.0
2024-09-05,32.23,32.6,31.71,31.85,20575413.0
2024-09-06,32.285,32.38,30.24,30.41,40486810.0
2024-09-09,31.52,32.58,31.1737,32.51,24533687.0
2024-09-10,32.41,33.06,32.15,33.0,12648720.0
2024-09-11,32.33,33.015,31.58,32.8,20530578.0
2024-09-12,32.87,33.35,32.61,33.25,15890670.0
2024-09-13,32.88,34.225,32.8,34.04,33124995.0
2024-09-16,33.31,33.33,32.69,32.98,20931180.0
2024-09-17,33.76,34.97,33.5201,34.1,39849912.0
2024-09-18,34.08,34.93,33.66,34.15,28844922.0
2024-09-19,36.03,36.3962,35.665,36.01,25199431.0
2024-09-20,35.85,36.1955,35.515,35.8,15938421.0
2024-09-23,36.06,36.355,35.89,36.04,17294801.0
2024-09-24,36.14,36.69,35.69,36.64,19764103.0
2024-09-25,36.15,36.45,35.83,35.97,13547134.0
2024-09-26,36.655,37.53,36.52,36.84,41457113.0
2024-09-27,37.42,37.94,37.245,37.39,28884545.0
2024-09-30,36.42,36.49,35.86,36.13,23623984.0
2024-10-01,36.07,36.1,34.69,35.13,43920514.0
2024-10-02,34.63,35.51,34.135,34.24,29353609.0
2024-10-03,34.4,34.75,34.06,34.72,18482525.0
2024-10-04,35.04,35.6,34.575,35.52,22721190.0
2024-10-07,35.91,36.7297,35.69,36.06,21124067.0
2024-10-08,35.63,35.99,35.16,35.4,25203180.0
2024-10-09,35.21,35.495,34.56,34.68,18243990.0
2024-10-10,34.76,34.76,33.465,33.95,25996472.0
2024-10-11,34.94,36.145,34.94,35.94,33399382.0
2024-10-14,36.87,37.815,36.82,37.57,44553135.0
2024-10-15,37.53,38.745,36.875,38.17,53538980.0
2024-10-16,38.66,38.93,38.24,38.58,26627479.0
2024-10-17,38.16,38.54,37.94,38.05,19655515.0
2024-10-18,38.61,39.37,38.56,39.07,39820519.0
2024-10-21,38.64,38.67,38.02,38.57,28773411.0
2024-10-22,38.18,38.55,37.8909,38.41,23972920.0
2024-10-23,37.86,38.08,37.09,37.81,25771162.0
2024-10-24,38.47,38.92,38.3,38.87,27015528.0
2024-10-25,38.72,39.2,37.47,38.01,51745568.0
2024-10-28,39.25,39.84,38.95,39.67,54652311.0
2024-10-29,40.56,41.96,40.36,41.33,81566346.0
2024-10-30,40.88,41.28,40.6215,40.88,32004733.0
2024-10-31,40.98,41.01,39.725,39.78,48039769.0
2024-11-01,39.925,40.7983,39.1,39.37,49930218.0
2024-11-04,39.03,39.12,38.1701,38.25,36048942.0
2024-11-05,39.43,40.13,39.11,39.51,36660442.0
2024-11-06,42.32,43.63,41.86,43.4,97138123.0
2024-11-07,42.71,43.84,42.47,43.6,40670192.0
2024-11-08,43.44,44.09,43.1,43.69,44183719.0
2024-11-11,46.66,49.89,46.53,49.57,96319189.0
2024-11-12,49.02,51.26,48.515,51.05,77294935.0
2024-11-13,51.24,53.255,50.86,51.04,103319316.0
2024-11-14,51.99,52.3,49.7,49.73,60782759.0
2024-11-15,50.84,52.17,49.925,52.13,46939425.0
2024-11-18,51.5,52.8053,51.04,52.13,61563829.0
2024-11-19,52.16,53.66,51.91,52.7,80884031.0
2024-11-20,53.88,54.17,53.06,53.72,69914563.0
2024-11-21,55.41,56.505,54.41,55.9,93957586.0
2024-11-22,55.64,56.86,55.31,56.49,66020372.0
2024-11-25,55.41,55.49,53.67,54.02,69396705.0
2024-11-26,52.44,53.995,51.54,51.7,67423310.0
2024-11-27,53.83,55.49,53.66,55.03,61783541.0
2024-11-29,55.48,56.36,55.21,55.21,30337331.0
2024-12-02,54.66,55.545,53.75,54.48,52619439.0
2024-12-03,53.62,54.94,53.2833,54.46,39000438.0
2024-12-04,54.61,56.61,53.9,56.42,58655320.0
2024-12-05,58.595,59.16,55.7,56.4,89447615.0
2024-12-06,56.6,58.21,56.18,57.8,50016990.0
2024-12-09,56.41,57.25,54.635,54.73,55677607.0
2024-12-10,55.8,56.0,53.62,54.9,48810003.0
2024-12-11,56.19,57.98,56.04,57.72,48872589.0
2024-12-12,57.77,58.45,56.47,56.92,38811349.0
2024-12-13,57.2,58.09,56.73,57.91,37881688.0
2024-12-16,59.43,61.465,59.38,60.22,63994128.0
2024-12-17,61.37,61.75,60.15,60.73,49617650.0
2024-12-18,59.56,59.785,56.82,57.18,69862682.0
2024-12-19,58.195,58.48,54.28,54.72,79563946.0
2024-12-20,54.075,55.66,53.93,54.81,55327879.0
2024-12-23,54.27,54.34,52.5,52.87,44528518.0
2024-12-24,55.055,56.408,54.88,56.23,27692664.0
2024-12-26,54.42,54.96,54.06,54.3,26750363.0
2024-12-27,54.78,54.82,52.96,53.68,35983044.0
2024-12-30,52.8,53.94,51.77,53.55,39339961.0
2024-12-31,54.478,54.73,52.9,53.05,30143608.0
2025-01-02,54.895,55.73,54.59,55.37,41029151.0
2025-01-03,55.23,56.41,54.97,55.96,32839480.0
2025-01-06,56.365,58.455,56.24,58.17,47318389.0
2025-01-07,57.31,57.382,54.58,54.79,57081839.0
2025-01-08,54.27,54.61,52.51,53.34,47070972.0
2025-01-10,53.7,54.5464,52.3912,53.84,43996088.0
2025-01-13,51.65,53.33,50.69,53.22,44866491.0
2025-01-14,55.04,55.33,54.18,54.83,30772842.0
2025-01-15,56.14,57.35,53.9662,56.64,42124740.0
2025-01-16,56.53,57.29,55.3,57.09,35548005.0
2025-01-17,58.515,60.41,58.26,59.62,70766122.0
2025-01-21,59.87,61.08,58.41,60.42,63410700.0
2025-01-22,59.55,59.86,58.76,59.38,37667944.0
2025-01-23,58.23,60.82,58.16,58.79,118197641.0
2025-01-24,59.92,61.06,59.56,59.7,46082299.0
2025-01-27,57.32,58.2,56.15,57.67,61243064.0
2025-01-28,58.34,59.06,57.545,57.58,30257022.0
2025-01-29,58.12,59.67,57.66,59.34,38059401.0
2025-01-30,59.73,60.67,59.6,59.72,33479299.0
2025-01-31,59.61,60.4,57.65,57.71,41862067.0
2025-02-03,53.97,58.135,53.69,57.58,73749486.0
2025-02-04,56.51,57.4252,55.73,56.13,48472977.0
2025-02-05,56.21,56.47,54.87,55.33,24705047.0
2025-02-06,55.93,56.315,54.4101,55.12,28324404.0
2025-02-07,56.74,57.05,54.36,54.47,41065984.0
2025-02-10,55.61,55.77,55.08,55.38,21318766.0
2025-02-11,55.11,55.36,53.87,54.11,27542729.0
2025-02-12,53.83,55.56,53.7,55.16,34445186.0
2025-02-13,54.57,54.88,54.12,54.74,24211237.0
2025-02-14,54.94,56.36,54.75,55.33,27505401.0
2025-02-18,54.9,54.99,53.03,53.51,38190453.0
2025-02-19,54.83,55.0,54.22,54.65,29008570.0
2025-02-20,55.63,56.2,55.01,56.04,25814891.0
2025-02-21,56.39,56.55,53.79,53.92,48588622.0
2025-02-24,54.23,54.47,53.19,53.41,38111606.0
2025-02-25,50.655,50.66,48.67,50.03,103835173.0
2025-02-26,48.71,50.2299,46.69,47.96,86382553.0
2025-02-27,49.01,49.09,46.9,47.35,43346479.0
2025-02-28,46.54,48.44,46.065,47.9,59648323.0
2025-03-03,52.97,53.035,48.36,48.9,92274132.0
2025-03-04,47.03,50.56,46.28,49.39,72360145.0
2025-03-05,51.01,51.5,49.76,51.44,49050731.0
2025-03-06,51.155,52.02,49.88,50.64,50275047.0
2025-03-07,50.67,51.82,49.13,49.43,59351095.0
2025-03-10,46.99,47.12,43.95,44.91,85278750.0
2025-03-11,46.3,47.55,44.885,47.24,48562703.0
2025-03-12,47.38,47.645,45.795,47.15,32196179.0
2025-03-13,47.13,47.28,45.38,45.52,42870382.0
2025-03-14,47.385,48.555,46.99,48.14,43770196.0
2025-03-17,47.16,48.235,46.87,48.06,28998279.0
2025-03-18,46.825,46.92,46.09,46.81,33645549.0
2025-03-19,47.74,48.94,47.54,48.61,40812831.0
2025-03-20,48.39,49.225,47.49,47.85,30509054.0
2025-03-21,47.56,47.99,47.25,47.7,18141541.0
2025-03-24,49.64,50.5,49.59,50.18,29833259.0
2025-03-25,49.86,50.25,49.5,50.14,21846271.0
2025-03-26,49.75,50.02,48.77,49.18,28947990.0
2025-03-27,49.08,49.8089,48.795,49.44,33003960.0
2025-03-28,48.47,48.64,47.43,47.56,37749356.0
2025-03-31,46.88,47.69,46.341,46.81,24010591.0
2025-04-01,47.53,48.65,46.842,48.3,30139681.0
2025-04-02,48.13,49.715,48.04,49.41,38654714.0
2025-04-03,46.59,47.04,46.11,46.57,40675998.0
2025-04-04,46.94,48.11,46.43,47.71,68666318.0
2025-04-07,43.68,46.16,42.98,44.27,107582055.0
2025-04-08,45.54,45.65,43.255,43.59,50042648.0
2025-04-09,43.58,47.19,43.53,46.83,85473187.0
2025-04-10,46.41,46.49,44.505,45.17,45745683.0
2025-04-11,46.63,47.8869,46.18,47.67,54223514.0
2025-04-14,48.29,48.81,47.55,48.28,32514400.0
2025-04-15,48.8,49.19,47.68,47.74,24001676.0
2025-04-16,47.59,48.64,47.355,47.96,27463001.0
2025-04-17,48.15,48.65,47.615,48.26,23963579.0
2025-04-21,49.63,50.42,49.095,49.72,57126893.0
2025-04-22,51.0,52.27,50.88,52.08,83738112.0
2025-04-23,53.46,53.84,52.27,53.2,60960489.0
2025-04-24,52.75,53.31,52.65,53.26,28476587.0
2025-04-25,53.62,54.58,53.48,54.27,48230982.0
2025-04-28,54.09,54.17,53.12,53.88,34157234.0
2025-04-29,53.95,54.32,53.755,54.22,31214047.0
2025-04-30,53.75,53.765,52.76,53.51,34189557.0
2025-05-01,54.99,55.505,54.52,54.95,52802615.0
2025-05-02,55.16,55.74,54.9723,55.19,43449009.0
2025-05-05,53.52,53.97,53.18,53.63,24957666.0
2025-05-06,53.245,54.11,53.02,53.97,20578709.0
2025-05-07,54.99,55.455,54.45,54.68,29902962.0
2025-05-08,56.54,57.835,56.31,57.62,55449010.0
2025-05-09,58.56,59.0069,58.155,58.66,36503678.0
2025-05-12,59.18,59.48,57.23,57.88,44350645.0
2025-05-13,58.98,59.75,58.4571,59.62,38311997.0
2025-05-14,59.18,59.35,58.32,58.74,38499448.0
2025-05-15,58.28,59.255,57.62,58.67,33563849.0
2025-05-16,58.88,59.5,58.77,59.2,37353625.0
2025-05-19,58.29,60.06,58.2101,59.99,50625063.0
2025-05-20,59.485,61.05,59.2,60.91,49771135.0
2025-05-21,60.54,62.53,60.325,61.79,98801881.0
2025-05-22,63.35,63.7,62.81,63.23,66549464.0
2025-05-23,61.81,62.605,61.43,61.83,61971386.0
2025-05-27,62.84,63.04,61.825,62.5,49538643.0
2025-05-28,61.84,62.025,60.76,60.79,44241949.0
2025-05-29,61.58,61.61,59.9,59.99,70525244.0
2025-05-30,60.045,60.26,58.855,59.46,45680038.0
2025-06-02,59.07,59.555,58.88,59.36,30733544.0
2025-06-03,59.98,60.7799,59.71,60.4,37381640.0
2025-06-04,59.66,60.0035,59.16,59.64,32365259.0
2025-06-05,60.15,60.16,57.7,57.87,58411562.0
2025-06-06,59.09,59.97,59.0503,59.26,34477637.0
2025-06-09,61.13,61.86,60.78,61.77,43950313.0
2025-06-10,62.36,62.76,61.55,62.29,32894281.0
2025-06-11,62.4,62.79,61.6007,61.84,30336883.0
2025-06-12,60.7,61.65,60.52,60.7,36713593.0
2025-06-13,59.62,60.295,59.17,59.74,42127815.0
2025-06-16,60.6,61.95,60.51,61.8,42415243.0
2025-06-17,60.02,60.13,58.69,59.5,53900684.0
2025-06-18,59.065,59.9,58.82,58.97,40166415.0
2025-06-20,60.27,60.33,58.145,58.67,35261791.0
2025-06-23,57.48,58.76,56.625,58.67,63747161.0
2025-06-24,59.77,60.47,59.555,60.06,40387207.0
2025-06-25,61.33,61.525,60.71,61.275,40812513.0
2025-06-26,60.93,61.28,60.565,61.14,29434648.0
2025-06-27,60.685,61.25,60.47,60.72,35637887.0
2025-06-30,61.27,61.31,60.62,61.21,34173957.0
2025-07-01,60.58,60.925,59.825,59.84,35575457.0
2025-07-02,61.12,62.47,61.01,62.42,65900246.0
2025-07-03,62.21,62.94,62.015,62.19,32624494.0
2025-07-07,61.63,61.775,61.04,61.4,37793380.0
2025-07-08,61.9,62.105,61.4,61.82,29471541.0
2025-07-09,62.29,63.76,61.63,63.58,56974395.0
2025-07-10,63.14,64.81,62.8,64.5,84144576.0
2025-07-11,66.88,67.235,66.2912,67.21,78031890.0
2025-07-14,69.17,69.46,67.735,68.18,68391579.0
2025-07-15,66.93,67.4,65.77,66.16,82079384.0
2025-07-16,67.55,68.24,67.142,67.83,58925257.0
2025-07-17,67.035,68.215,66.82,67.65,45310061.0
2025-07-18,67.54,67.8375,66.545,66.68,51009261.0
2025-07-21,67.21,67.805,66.23,66.33,47080792.0
2025-07-22,67.77,68.39,66.79,67.82,45383901.0
2025-07-23,67.11,67.51,66.66,67.29,34878675.0
2025-07-24,67.5,67.98,66.965,67.66,33249929.0
2025-07-25,66.09,66.57,65.35,66.36,53995677.0
2025-07-28,67.405,67.74,66.7,67.1,38747986.0
2025-07-29,67.61,67.665,66.37,66.71,38407325.0
2025-07-30,66.78,67.53,65.72,66.37,40902139.0
2025-07-31,67.12,67.58,66.29,66.32,41463076.0
2025-08-01,65.65,65.74,64.14,64.22,69829683.0
2025-08-04,64.792,65.74,64.7343,65.2,29985169.0
2025-08-05,64.86,65.12,63.93,64.55,31327663.0
2025-08-06,64.71,65.78,64.4777,65.51,26866652.0
2025-08-07,66.19,66.89,65.74,66.83,41363904.0
2025-08-08,66.38,66.7163,65.82,66.13,29121353.0
2025-08-11,67.88,68.65,67.37,67.64,43158507.0
2025-08-12,67.73,68.3,67.36,67.95,33721574.0
2025-08-13,68.55,69.89,68.22,69.84,54824607.0
2025-08-14,67.21,67.88,66.55,67.03,71199629.0
2025-08-15,67.31,67.36,66.34,66.44,39585054.0
2025-08-18,65.72,66.35,65.18,66.05,33918461.0
2025-08-19,65.74,65.8058,63.9,64.19,56556244.0
2025-08-20,64.365,64.99,63.74,64.9,40798804.0
2025-08-21,64.35,64.7658,63.54,63.69,34187113.0
2025-08-22,63.8,66.755,63.56,66.25,66739180.0
2025-08-25,63.45,64.1955,62.76,62.88,55863410.0
2025-08-26,62.41,63.18,62.11,63.1,41469257.0
2025-08-27,63.245,64.02,63.045,63.65,33800772.0
2025-08-28,64.215,64.38,63.555,63.58,30895767.0
2025-08-29,62.78,62.83,61.31,61.44,52643453.0
2025-09-02,62.135,63.5399,61.94,62.97,46457438.0
2025-09-03,63.26,64.0,63.1358,63.77,34218129.0
2025-09-04,62.93,63.01,62.06,62.35,32780389.0
2025-09-05,64.12,64.345,62.545,63.42,47437419.0
2025-09-08,63.76,64.19,63.53,63.7,37129769.0
2025-09-09,64.1,64.19,62.87,63.22,36145445.0
2025-09-10,64.6,65.03,64.27,64.53,45182954.0
2025-09-11,64.625,65.21,64.575,65.03,34650660.0
2025-09-12,65.32,66.45,65.22,66.38,48551141.0
2025-09-15,65.36,65.66,64.93,65.5,34018370.0
2025-09-16,65.57,66.4699,65.14,66.37,33920588.0
2025-09-17,66.03,66.19,65.1,65.67,46293658.0
2025-09-18,66.73,67.04,66.48,66.75,38481187.0
2025-09-19,66.01,66.2,65.34,65.37,32989380.0
2025-09-22,64.175,64.46,63.58,63.65,42504051.0
2025-09-23,64.16,64.39,63.33,63.41,40144961.0
2025-09-24,64.2,64.78,64.07,64.42,30977567.0
2025-09-25,63.38,63.43,61.58,62.1,63817351.0
2025-09-26,62.01,62.65,61.67,61.94,48826041.0
2025-09-29,63.72,65.04,63.65,64.97,51102325.0
2025-09-30,64.4,65.11,64.1,65.0,38099852.0
2025-10-01,66.3,67.23,66.15,66.74,57783320.0
2025-10-02,67.76,68.84,67.37,68.77,62252241.0
2025-10-03,68.605,70.53,68.22,69.81,83244108.0
2025-10-06,71.01,71.82,70.71,71.29,68777377.0
2025-10-07,70.97,71.0,68.53,69.13,81680220.0
2025-10-08,69.58,70.59,69.12,70.06,54245583.0
2025-10-09,70.15,70.16,67.95,68.74,55757576.0
2025-10-10,69.32,69.66,65.8,66.2,104949182.0
2025-10-13,64.96,65.8756,64.62,65.81,71877425.0
2025-10-14,62.91,64.53,62.365,63.91,75710413.0
2025-10-15,63.29,63.77,62.49,63.17,49569075.0
2025-10-16,63.095,63.3,61.015,61.43,89080556.0
2025-10-17,59.89,61.03,59.31,60.47,94055268.0
2025-10-20,62.88,63.44,62.36,62.93,51770241.0
2025-10-21,61.73,64.8,61.42,63.49,81950346.0
2025-10-22,61.42,61.975,60.96,61.21,72451122.0
2025-10-23,61.96,63.2357,61.71,62.56,41591269.0
2025-10-24,63.17,63.26,62.295,62.83,39980939.0
2025-10-27,65.375,65.76,65.0,65.28,49298024.0
2025-10-28,65.35,65.9699,64.41,64.49,47609826.0
2025-10-29,64.485,64.51,62.0,62.75,76914413.0
2025-10-30,61.53,61.59,60.28,60.4,57355446.0
2025-10-31,62.35,63.03,61.62,62.3,47300723.0
2025-11-03,61.015,61.39,59.745,60.53,51820381.0
2025-11-04,58.88,59.49,56.485,57.18,105318024.0
2025-11-05,58.255,59.39,57.96,58.92,51487193.0
2025-11-06,58.4,58.41,56.9044,57.26,54876210.0
2025-11-07,56.88,58.96,56.39,58.88,64022332.0
2025-11-10,60.299,60.36,59.4,60.19,51036740.0
2025-11-11,59.33,59.41,58.25,58.35,33993831.0
2025-11-12,59.47,59.56,57.17,57.59,41656415.0
2025-11-13,58.12,58.7,55.48,55.59,78277765.0
2025-11-14,54.09,55.285,53.38,53.475,94217090.0
2025-11-17,53.385,54.445,51.7,52.1,92045921.0
2025-11-18,52.025,53.245,51.6,52.66,75629033.0
2025-11-19,51.705,52.435,50.2,50.73,94744609.0
2025-11-20,51.86,51.97,48.74,48.96,122462495.0
2025-11-21,47.49,48.57,46.68,47.97,168213523.0
2025-11-24,48.725,50.66,48.33,50.57,82759070.0
2025-11-25,49.475,50.0,48.84,49.56,65052794.0
2025-11-26,49.52,51.33,49.17,51.03,66507238.0
2025-11-28,52.8,52.85,51.23,51.55,47334564.0
2025-12-01,48.94,49.205,47.55,48.5,89232147.0
2025-12-02,50.33,52.39,50.15,51.67,72757584.0
2025-12-03,52.55,53.1799,52.08,52.74,57151728.0
2025-12-04,52.665,52.93,51.58,52.51,40571728.0
2025-12-05,51.35,51.935,50.035,50.69,55578532.0
2025-12-08,51.835,52.065,50.83,51.52,43121846.0
2025-12-09,51.23,53.72,51.06,52.85,55905888.0
2025-12-10,52.19,53.655,51.955,52.49,56217008.0
2025-12-11,51.16,52.12,50.6502,52.1,50372623.0
2025-12-12,52.305,52.62,50.76,51.2,47356249.0
2025-12-15,50.72,51.0,48.28,48.66,73130493.0
2025-12-16,49.31,50.02,49.23,49.71,56074668.0
2025-12-17,49.77,51.265,48.36,48.71,79012849.0
2025-12-18,50.2,50.6856,47.87,47.96,71534615.0
2025-12-19,49.92,50.71,49.22,49.91,62739231.0
2025-12-22,51.01,51.29,49.82,50.09,50019125.0
2025-12-23,49.68,50.09,49.07,49.65,43757648.0
2025-12-24,49.46,49.7,48.96,49.46,22759340.0
2025-12-26,50.445,50.5,49.07,49.61,38333126.0
2025-12-29,49.63,49.99,49.305,49.38,32269287.0
2025-12-30,49.95,50.73,49.78,49.83,44071825.0
2025-12-31,50.43,50.43,49.395,49.65,33834338.0
2026-01-02,50.38,51.66,50.14,50.94,65968849.0
2026-01-05,52.61,53.82,52.38,53.46,76484755.0
2026-01-06,53.54,53.55,51.72,52.45,54907439.0
2026-01-07,51.86,52.2278,51.37,51.54,44366968.0
2026-01-08,50.76,51.84,50.56,51.52,42787253.0
2026-01-09,51.345,52.18,50.89,51.16,39688425.0
2026-01-12,51.14,52.38,51.07,51.87,40729082.0
2026-01-13,52.39,53.66,52.215,53.57,65696698.0
2026-01-14,54.26,55.6,54.08,55.44,85891182.0
2026-01-15,54.91,55.05,53.93,54.0,50521048.0
2026-01-16,54.3,54.37,53.43,54.24,43292342.0
2026-01-20,51.54,51.78,50.55,50.76,76481060.0
2026-01-21,50.755,51.34,49.4,51.11,70127772.0
2026-01-22,50.76,50.98,50.12,50.67,49100913.0
2026-01-23,50.81,51.7099,50.14,50.7,48026635.0
2026-01-26,49.685,50.3499,49.322,49.65,43973100.0
2026-01-27,49.99,50.7,49.41,50.63,51840742.0
2026-01-28,50.99,51.31,50.34,50.51,42931380.0
2026-01-29,49.7,49.795,47.12,47.6,113944153.0
2026-01-30,46.965,47.965,46.3688,47.49,72346115.0
2026-02-02,44.25,45.01,43.975,44.22,106528050.0
2026-02-03,44.455,44.46,41.295,43.3,125821773.0
2026-02-04,42.635,42.89,40.8,41.57,110932693.0
2026-02-05,39.7,40.145,35.3,36.1,284371536.0
2026-02-06,38.05,40.57,38.01,39.68,163384166.0
2026-02-09,39.12,40.35,38.81,40.11,77526130.0
2026-02-10,39.225,39.7,38.49,38.97,61505442.0
2026-02-11,38.56,38.6919,37.245,38.29,71103805.0
2026-02-12,38.52,38.72,36.875,37.05,62511886.0
2026-02-13,38.16,39.38,37.89,38.97,65553147.0
2026-02-17,38.545,38.6901,37.735,38.39,54882693.0
2026-02-18,38.0,38.75,37.3,37.54,50091290.0
2026-02-19,37.385,38.1,37.2,38.07,44587859.0
2026-02-20,37.99,38.61,37.72,38.42,62397068.0
2026-02-23,37.465,37.56,36.2,36.55,61939952.0
2026-02-24,35.72,36.71,35.6,36.53,47067664.0
2026-02-25,37.75,39.46,37.5301,39.23,79924013.0
2026-02-26,38.62,38.72,37.71,38.26,51943775.0
2026-02-27,37.5,37.63,36.91,37.19,48601081.0
2026-03-02,37.19,39.78,37.17,39.195,101289739.0
2026-03-03,38.03,39.14,37.5,38.7,70670813.0
2026-03-04,40.7,42.02,40.44,41.44,115486988.0
2026-03-05,41.14,41.31,40.035,40.39,61404719.0
2026-03-06,39.11,39.19,38.375,38.6,57199774.0
2026-03-09,38.99,39.445,38.69,39.13,73616611.0
2026-03-10,40.185,40.725,39.29,39.71,62968214.0
2026-03-11,39.83,40.47,39.52,40.07,46501725.0
2026-03-12,39.76,40.08,39.31,39.95,42457668.0
2026-03-13,41.43,41.965,40.17,40.37,83102303.0
2026-03-16,41.92,42.28,41.385,41.94,61060271.0
2026-03-17,41.795,42.5,41.61,42.27,41261972.0
2026-03-18,41.09,41.135,40.17,40.26,64032979.0
2026-03-19,39.29,40.025,39.0,39.82,58781146.0
2026-03-20,39.975,40.0,39.325,39.77,50332102.0
2026-03-23,40.135,40.7199,39.72,40.05,49010830.0
2026-03-24,40.0,40.12,39.045,39.28,54903494.0
2026-03-25,40.6,40.8,39.98,40.17,41789915.0
2026-03-26,39.305,39.58,38.59,38.82,43651807.0
2026-03-27,37.795,37.82,37.13,37.4,66927972.0
2026-03-30,38.45,38.55,37.5,37.68,41359393.0
2026-03-31,37.82,38.85,37.62,38.42,51583873.0
2026-04-01,38.85,39.21,38.475,38.64,34299060.0
2026-04-02,37.49,38.235,37.235,37.97,34267326.0
2026-04-06,39.385,39.9,39.21,39.52,40433128.0
2026-04-07,38.805,39.16,38.37,39.1,30504383.0
2026-04-08,41.08,41.15,40.04,40.42,60585241.0
2026-04-09,40.32,41.15,39.96,40.91,33033259.0
2026-04-10,41.0,41.59,40.765,41.56,34800663.0
2026-04-13,40.35,41.675,40.1393,41.59,42992527.0
2026-04-14,42.25,43.185,41.87,42.13,68493132.0
2026-04-15,42.19,42.695,41.72,42.56,35563838.0
2026-04-16,42.495,42.77,41.515,42.73,37191679.0
2026-04-17,43.45,44.46,43.215,43.94,80360880.0
2026-04-20,42.65,43.3765,42.345,43.25,37824902.0
2026-04-21,43.11,43.42,42.4,42.51,30901224.0
2026-04-22,44.5,45.075,44.38,44.75,51418279.0
2026-04-23,43.99,44.61,43.62,44.05,40171754.0
2026-04-24,44.32,44.41,43.85,44.02,28639753.0
2026-04-27,44.035,44.37,43.325,43.56,32007983.0
2026-04-28,43.17,43.32,42.85,43.27,23777187.0
2026-04-29,43.56,43.59,42.44,42.75,33993819.0
2026-04-30,43.145,43.465,43.1,43.32,22967754.0
2026-05-01,44.405,44.79,44.245,44.47,46154672.0
2026-05-04,44.75,45.79,44.47,45.4,62858564.0
2026-05-05,46.18,46.33,45.88,46.28,43999714.0
2026-05-06,46.41,46.51,45.9611,46.19,36054587.0
2026-05-07,45.87,45.88,45.02,45.4,31871345.0
2026-05-08,45.085,45.58,45.03,45.45,24594509.0
2026-05-11,45.96,46.56,45.55,46.47,31101786.0
2026-05-12,45.68,45.8307,45.205,45.8,27410915.0
2026-05-13,45.39,45.435,44.58,45.12,32423052.0
2026-05-14,45.275,46.525,45.07,46.17,44673348.0
2026-05-15,45.32,45.33,44.5,44.82,39821457.0
2026-05-18,43.74,43.76,43.025,43.53,55898663.0
2026-05-19,43.34,43.63,43.075,43.5,25402363.0
2026-05-20,43.75,44.08,43.5101,43.99,21840749.0
2026-05-21,43.75,44.215,43.4,44.0,25783824.0
2026-05-22,43.745,43.79,42.81,42.96,30069247.0
2026-05-26,43.45,44.24,42.835,42.99,84089383.0
2026-05-27,42.51,42.7,42.2191,42.45,35162129.0
2026-05-28,41.37,41.72,41.035,41.56,42611574.0
2026-05-29,41.33,42.08,41.0142,41.63,40081393.0
2026-06-01,40.615,40.75,39.955,40.49,54545134.0
2026-06-02,39.02,39.09,37.5735,38.05,76825481.0
2026-06-03,37.79,38.02,36.92,37.0,53128086.0
2026-06-04,35.78,36.53,35.615,36.02,73459015.0
2026-06-05,35.16,35.29,33.48,34.14,111726400.0
2026-06-08,35.99,36.38,35.83,35.89,57398319.0
2026-06-09,35.29,35.41,34.39,35.14,52356087.0
2026-06-10,34.83,35.585,34.81,35.08,37329670.0
2026-06-11,35.54,36.195,35.26,36.05,43108375.0
2026-06-12,35.88,36.48,35.67,36.04,36522523.0
2026-06-15,37.84,38.105,37.515,37.74,52955865.0
2026-06-16,37.36,37.52,36.99,37.17,26725577.0
2026-06-17,36.74,37.61,36.24,36.36,42660105.0
2026-06-18,36.42,36.44,35.22,35.62,47935196.0
2026-06-22,36.775,37.14,36.355,36.5,37420731.0
2026-06-23,35.11,35.565,35.04,35.31,33992584.0
2026-06-24,34.97,35.14,33.4101,33.87,84310570.0
2026-06-25,34.6,34.66,32.84,33.52,74379756.0
2026-06-26,33.28,34.26,33.25,33.85,59378409.0
2026-06-29,33.895,34.325,33.33,34.18,48212621.0
2026-06-30,33.075,33.5,32.88,33.29,58890616.0
2026-07-01,33.28,34.255,33.14,34.0,54457464.0
2026-07-02,34.91,35.2395,34.62,34.87,46691933.0
2026-07-06,34.76,36.22,34.68,36.12,51978888.0
2026-07-07,35.71,36.37,35.45,36.15,32403267.0
2026-07-08,34.99,35.315,34.81,35.23,33711184.0
2026-07-09,35.49,35.948,35.36,35.81,28100016.0
2026-07-10,36.325,36.66,36.08,36.23,30723391.0
2026-07-13,35.37,35.625,34.96,35.22,38052304.0
2026-07-14,36.19,36.785,35.955,36.58,46956640.0
2026-07-15,36.965,37.14,36.641,36.81,34114735.0
2026-07-16,36.37,36.745,36.21,36.39,21907820.0
2026-07-17,35.58,36.48,35.36,36.35,56172753.0
2026-07-20,36.53,37.25,36.245,36.89,33230636.0
2026-07-21,37.61,37.93,37.4,37.67,44121146.0
2026-07-22,37.15,37.6,37.13,37.34,23341597.0
2026-07-23,36.795,36.9199,36.56,36.65,36218668.0
2026-07-24,36.43,36.46,36.05,36.35,33023970.0
2026-07-27,36.74,37.2,36.4401,36.77,28361241.0
2026-07-28,35.81,36.27,35.47,36.14,29140621.0
2026-07-29,36.31,36.645,35.94,36.0,36938118.0
2026-07-30,36.665,36.895,36.55,36.7,36426362.0
2026-07-31,36.11,36.115,35.29,35.64,55653829.0
2026-08-03,35.49,36.28,35.37,36.16,41825339.0
2026-08-04,36.14,36.47,35.99,36.39,33842626.0
2026-08-05,36.3,36.78,36.145,36.74,32929992.0
2026-08-06,36.34,36.79,36.29,36.49,29070027.0
2026-08-07,36.89,37.01,36.515,36.8,35075243.0
2026-08-10,36.74,36.75,36.08,36.23,40013114.0
2026-08-11,36.32,36.36,35.76,35.94,31162488.0
2026-08-12,36.175,36.26,35.8,35.89,25307028.0
2026-08-13,35.97,36.215,35.54,35.88,25256800.0
2026-08-14,35.51,35.7875,35.365,35.63,23377959.0
2026-08-17,35.905,36.59,35.89,36.42,42817895.0
2026-08-18,36.255,36.845,36.22,36.6,28664700.0
2026-08-19,36.81,39.48,36.675,38.78,140802663.0
2026-08-20,40.73,41.335,40.255,41.2,104461111.0
2026-08-21,43.67,44.125,43.165,43.68,118999723.0
2026-08-24,44.735,45.315,44.08,44.64,96254084.0
2026-08-25,44.54,45.0899,44.22,44.72,63855194.0
2026-08-26,44.2,44.555,43.95,44.46,42821496.0
2026-08-27,44.92,45.81,44.67,45.29,60872796.0
2026-08-28,44.87,45.27,43.525,43.9,76674933.0
2026-08-31,44.17,44.9,43.98,44.67,42452364.0
2026-09-01,44.075,44.41,43.23,43.76,50479298.0
2026-09-02,43.505,43.92,43.3401,43.79,30531735.0
2026-09-03,44.43,46.37,44.41,46.35,84948712.0
2026-09-04,44.91,45.26,44.51,45.23,52191475.0
2026-09-08,44.33,44.71,43.91,44.39,42228970.0
2026-09-09,45.07,45.09,44.16,44.29,37196161.0
